Tr,Sr,Vol,Mdd
0.37028460216000203,0.8995634383356919,0.026406057845438553,-0.8335364685461714
