Tr,Sr,Vol,Mdd
0.5665584823200029,1.4332184899167868,0.025358938449957978,-0.06261720441630401
