Tr,Sr,Vol,Mdd
0.24989587296000607,0.5954538522819097,0.026922293890446775,-1.022731688091831
