Tr,Sr,Vol,Mdd
-0.13659044447999916,-0.32396233927535256,0.02704674016687595,-1.7868179623035831
